{"cameraMode":{"drawMode":0,"name":"Shaded","section":"Shading Mode"},"sceneLighting":true,"audioPlay":false,"sceneViewState":{"m_AlwaysRefresh":false,"showFog":true,"showSkybox":true,"showFlares":true,"showImageEffects":true,"showParticleSystems":true,"showVisualEffectGraphs":true,"m_FxEnabled":true},"in2DMode":false,"pivot":{"x":20.303462982177736,"y":18.847942352294923,"z":-32.37210464477539},"rotation":{"x":-0.18063858151435853,"y":0.04331386089324951,"z":-0.00823888834565878,"w":-0.982653021812439},"size":0.08861143887042999,"orthographic":false}