{"cameraMode":{"drawMode":0,"name":"Shaded","section":"Shading Mode"},"sceneLighting":false,"audioPlay":false,"sceneViewState":{"m_AlwaysRefresh":false,"showFog":true,"showSkybox":false,"showFlares":true,"showImageEffects":true,"showParticleSystems":true,"showVisualEffectGraphs":true,"m_FxEnabled":true},"in2DMode":false,"pivot":{"x":0.2922285795211792,"y":2.2089993953704836,"z":3.3823773860931398},"rotation":{"x":0.005464528221637011,"y":-0.98875892162323,"z":0.14520488679409028,"w":0.03770351782441139},"size":0.2665523588657379,"orthographic":false}